,cluster,region,psu_prob
2,3,North,0.1371841155234657
23,24,South,0.08256880733944955
51,52,East,0.48331415420023016
88,89,West,0.11000763941940413
